Region,All_Populations,High_Risk_Populations,Risk_Share
International Waters,154,63,0.4090909090909091
Oceania,6874,2706,0.3936572592377073
Africa,1577,543,0.3443246670894103
Asia,966,322,0.3333333333333333
Antarctic,202,47,0.23267326732673269
North America,5731,1228,0.21427325074158088
Europe,3648,753,0.20641447368421054
Latin America and Caribbean,2132,412,0.19324577861163228
